<?xml version="1.0" encoding="utf-8"?>
<restaurants>
    <restaurant>
        <name>YOLO</name>
        <date>30.4.2020</date>
        <food>Potatoes</food>
        <food>Meatballs</food>
        <date>31.4.2020</date>
        <food>Pizza</food>
        <food>Salad</food>
    </restaurant>
    <restaurant>
        <name>LASERI</name>
        <date>30.4.2020</date>
        <food>Potatoes</food>
        <food>Meatballs</food>
        <date>31.4.2020</date>
        <food>Pizza</food>
        <food>Salad</food>
    </restaurant>
</restaurants>
